location_id,road_code,direction,hour,avg_pred_congestion_probability,max_pred_congestion_probability,avg_pred_later_anpr_passage_mean,avg_actual_later_anpr_passage_mean,avg_actual_later_congested_rate,months,risk_band
AIR_W1,D89,WB (to city),8,0.9995320526576013,0.9999977890103687,4663.429952586977,4824.289035541753,0.7079235679779158,12,critical
ITT_W1,D89,WB (to Dubai),7,0.9991981395388382,1.0,5262.882769706471,5472.406034334023,0.7044513457556936,12,critical
SZR_N2,E11,NB (to Deira),8,0.9991800797097077,0.9999983793025071,9087.452562802746,9513.775987750172,0.7044513457556936,12,critical
SZR_N1,E11,NB (to Deira),8,0.9989510331833502,0.9999983793025071,9054.906864735776,9588.385438233265,0.7044513457556936,12,critical
SZR_N4,E11,NB (to Deira),8,0.9986454387232113,1.0,10109.035259555474,10495.15827726018,0.7044513457556936,12,critical
ITT_W1,D89,WB (to Dubai),9,0.9978315607087387,0.9999961683128759,5544.320233907346,5742.821277605245,0.7044513457556936,12,critical
ITT_W1,D89,WB (to Dubai),8,0.9977463484449353,0.9999977890103687,5595.468844687181,5728.737275707385,0.7115467563837129,12,critical
SZR_N1,E11,NB (to Deira),7,0.9975030443026176,1.0,8295.576439190747,8868.065734989648,0.7044513457556936,12,critical
ITT_E1,D89,EB (to Sharjah),16,0.994267909525138,0.9997688802798571,5888.007943400959,6129.299344375431,0.8340881642512077,12,critical
GAR_N1,D75,NB (to Deira),8,0.9941113389354935,0.9999977890103687,4749.114294298381,5100.298503278123,0.697506901311249,12,critical
ITT_W1,D89,WB (to Dubai),18,0.9934031674914555,0.9997728364507252,6160.8708547948045,6415.79917184265,0.9610507246376812,12,critical
AIR_W1,D89,WB (to city),7,0.9931680877823924,0.999992946919411,4240.826661121205,4516.299193409248,0.7044513457556936,12,critical
MAK_N1,D75,NB (to Deira),8,0.9928607140398468,0.999992946919411,4027.8162251875524,4262.253881987578,0.697506901311249,12,critical
ITT_E1,D89,EB (to Sharjah),17,0.9926838103963308,0.9999371132875883,6424.823859531938,6745.654891304348,0.9260265700483092,12,critical
SZR_S2,E11,SB (to Abu Dhabi),17,0.9909501447895449,0.9999983793025071,9988.640591748144,10714.343253968254,0.8089846445824707,12,critical
EKR_N1,E44,NB (to Deira),8,0.9899271690638645,1.0,7026.887198938188,7542.906055900621,0.7044513457556936,12,critical
GAR_N1,D75,NB (to Deira),18,0.9893475401468147,0.9999557258905653,6089.574682355299,6358.518482574189,0.9368961352657005,12,critical
BBC_S1,E11,SB (to Bur Dubai),8,0.9890679853428527,0.9992119745988831,5066.026163630355,5379.847545721187,0.6623317805383023,12,critical
AIR_W1,D89,WB (to city),9,0.9888392445377007,0.9999913262219181,4279.970431481638,4502.600349378882,0.6869392684610075,12,critical
SZR_N2,E11,NB (to Deira),7,0.9886978216406975,1.0,8047.252157330604,8707.486650276052,0.697506901311249,12,critical
SZR_S1,E11,SB (to Abu Dhabi),18,0.988574370532814,1.0,10568.566516035538,11231.281961697723,0.8976449275362319,12,critical
SZR_S2,E11,SB (to Abu Dhabi),18,0.9880769172090766,0.9999983793025071,10574.637897898328,11205.831909937888,0.8870772946859904,12,critical
SZR_S1,E11,SB (to Abu Dhabi),17,0.988005357943487,1.0,10174.495594658663,10772.085640959283,0.8217305037957212,12,critical
ITT_W1,D89,WB (to Dubai),17,0.9874290634297475,0.9995804953997584,5659.9998099290315,5964.9030365769495,0.918780193236715,12,critical
SZR_N4,E11,NB (to Deira),7,0.9873993728968894,1.0,9060.641714564234,9425.838336783989,0.6836180124223602,12,critical
SZR_S4,E11,SB (to Abu Dhabi),18,0.9864880442107712,0.9999983793025071,11355.120017897161,12279.854533298827,0.8689182194616977,12,critical
MAK_N1,D75,NB (to Deira),18,0.985922808674534,0.9978673563025598,5005.622950878602,5319.030904934438,0.9227053140096618,12,critical
EKR_S1,E44,SB (to Jebel Ali),18,0.9846573249515438,0.9986706030538824,7900.416413537986,8658.338164251209,0.7906746031746031,12,critical
SZR_S4,E11,SB (to Abu Dhabi),17,0.9845115650998096,0.999962175624809,10968.836526894514,11743.59797705314,0.7677061766735679,12,critical
BBC_S1,E11,SB (to Bur Dubai),18,0.9821313475959949,0.9983082738513542,6398.737410778963,6789.9578373015875,0.8484299516908212,12,critical
ITT_E1,D89,EB (to Sharjah),18,0.9821238474147874,0.9999961683128759,6539.338865946844,6945.935041407868,0.9856582125603864,12,critical
GAR_N1,D75,NB (to Deira),17,0.9808361742369982,0.9995718927326533,5607.396914497976,5965.380132850241,0.8408816425120773,12,critical
ITT_E1,D89,EB (to Sharjah),20,0.9787085642318639,0.9995822014019691,5590.123651749102,5908.78823757764,0.9156099033816426,12,critical
MAK_N1,D75,NB (to Deira),17,0.977915698409965,0.9970982158311348,4741.323146244441,4965.930361456177,0.8235205314009661,12,critical
EKR_S1,E44,SB (to Jebel Ali),17,0.9776080773819964,0.9998462495719722,7466.830463946019,8053.399046756383,0.6935817805383023,12,critical
SZR_N1,E11,NB (to Deira),9,0.9747250731022387,0.9999983793025071,8164.42954485911,8680.782565562457,0.6798438578329883,12,critical
EKR_N1,E44,NB (to Deira),7,0.9744982642769044,1.0,6211.927802054936,6567.3582858868185,0.6658040027605244,12,critical
ITT_W1,D89,WB (to Dubai),16,0.9722813347279186,0.9989306474030136,5296.217877875598,5566.58309610076,0.7996678743961353,12,critical
SZR_N2,E11,NB (to Deira),9,0.9680311747873445,0.9999983793025071,8051.686085061319,8429.359019151138,0.6552363699102829,12,critical
SZR_S2,E11,SB (to Abu Dhabi),16,0.9678807520557814,0.9999983793025071,8530.435521177978,8989.25588768116,0.6383712905452036,12,critical
BBC_S1,E11,SB (to Bur Dubai),17,0.9668554702032731,0.9982396768403109,5997.473698214656,6328.394819703244,0.7376854727398205,12,critical
ITT_E1,D89,EB (to Sharjah),8,0.9640836613252555,0.9999977890103687,4280.02917114469,4572.167248964804,0.6304779158040027,12,critical
AIR_W1,D89,WB (to city),18,0.9626707047113633,0.9957981685578375,4605.6797223133135,4878.629011387164,0.8479339199447895,12,critical
GAR_N1,D75,NB (to Deira),7,0.9607158380589101,0.9999977890103687,4126.576899476423,4327.008238440304,0.6274585921325052,12,critical
JBR_X1,D94,Both (sample),18,0.9600249853237717,0.9988690721643804,3328.2018094535797,3296.671626984127,0.7743055555555555,12,critical
SZR_S1,E11,SB (to Abu Dhabi),16,0.9582095691892668,0.9999848133336461,8655.574555682011,9155.42261904762,0.6448628364389234,12,critical
ITT_W1,D89,WB (to Dubai),19,0.9538390691247365,0.9991461590458994,5532.441180425062,5569.94457384403,0.7858868184955141,12,critical
ITT_W1,D89,WB (to Dubai),20,0.946357784541103,0.9986674755942416,5110.80590882671,5374.73695220842,0.6712172187715666,12,critical
SZR_S2,E11,SB (to Abu Dhabi),19,0.9424354937258904,0.9985406895900268,9385.479630552405,9982.11865942029,0.8428442028985508,12,critical
GAR_N1,D75,NB (to Deira),19,0.9332299613285322,0.99955136438618,5511.566964634414,5531.73061162871,0.825030193236715,12,critical
ITT_E1,D89,EB (to Sharjah),19,0.9289617649422205,0.9999961683128759,6096.379094109129,6555.282004830918,0.9057971014492754,12,critical
SZR_N4,E11,NB (to Deira),9,0.9262641173702296,1.0,8490.714210126944,8971.131750345065,0.6200612491373361,12,critical
SZR_N1,E11,NB (to Deira),18,0.9159275763049433,0.9919453160108009,8604.52449817026,9419.532932194617,0.7424085576259488,12,critical
JBR_X1,D94,Both (sample),17,0.9111950762631548,0.9977244233901469,3138.021186458101,3047.0497757073845,0.6052665631469979,12,critical
SZR_S4,E11,SB (to Abu Dhabi),19,0.9110075100246648,0.9987369628331391,9938.844865228795,10820.105288129746,0.7783816425120773,12,critical
SZR_S4,E11,SB (to Abu Dhabi),16,0.9096393186161696,0.9976181020933845,9245.101001183792,9701.452143719807,0.5845410628019324,12,critical
BBC_S1,E11,SB (to Bur Dubai),19,0.9088426280991405,0.9952618987351213,5810.214144109493,5774.194228778469,0.6554089026915114,12,critical
MAK_N1,D75,NB (to Deira),19,0.9061520677804994,0.9982327920741323,4441.109543817115,4615.694724810214,0.7862318840579711,12,critical
SZR_S1,E11,SB (to Abu Dhabi),19,0.9009241836254384,0.9998164556994433,9288.53112840813,10183.946946169772,0.8570350241545893,12,critical
MAK_N1,D75,NB (to Deira),7,0.8894035201936572,0.9981288269428312,3345.3554659516653,3587.7690433057282,0.5922834713595583,12,critical
JBR_X1,D94,Both (sample),19,0.8857037298063098,0.9966408964253027,2895.029389597097,2820.3508022774326,0.47360248447204967,12,critical
EKR_S1,E44,SB (to Jebel Ali),19,0.8830828175795528,0.9909020829898256,7006.157692196608,7379.7190734989645,0.6832729468599034,12,critical
SZR_N2,E11,NB (to Deira),18,0.8569589026669852,0.9978085038445254,8382.79837988585,9200.88263457557,0.7215320910973085,12,critical
EKR_N1,E44,NB (to Deira),9,0.8514064627087977,0.9979768086740195,5835.918988556789,6170.411145617668,0.503968253968254,12,critical
JBR_X1,D94,Both (sample),20,0.8457246992975479,0.9940324040326249,2452.3702252750923,2463.9945436507937,0.2884532436162871,12,critical
AIR_W1,D89,WB (to city),19,0.8392167327184147,0.9897153053634605,4049.0734100669056,4205.547036749483,0.5765614216701173,12,critical
AIR_W1,D89,WB (to city),20,0.8133932071853222,0.9781335176163708,3885.007640027248,4038.064678226363,0.3874870600414078,12,critical
ITT_W1,D89,WB (to Dubai),21,0.8118081737451487,0.9519850681603628,4316.362380127157,4391.2826518288475,0.28075396825396826,12,critical
BBC_S1,E11,SB (to Bur Dubai),7,0.8001165716126587,0.9993926062275077,4225.44791364917,4570.513457556936,0.5181590752242926,12,critical
AIR_W1,D89,WB (to city),17,0.7793514373706243,0.990282828697867,4302.950319354669,4549.102376639062,0.6535973084886129,12,high
GAR_N1,D75,NB (to Deira),20,0.77821571718984,0.9887180913506295,4559.161930665548,4741.605374396136,0.4415545203588682,12,high
SZR_N1,E11,NB (to Deira),17,0.7737191592812311,0.9891254434526213,8228.885132101117,8716.565950655624,0.5472739820565907,12,high
SZR_S1,E11,SB (to Abu Dhabi),20,0.7715168788038231,0.9996559641621057,8315.79479777365,8646.403597308488,0.5698110766045549,12,high
SZR_N2,E11,NB (to Deira),19,0.7576773310325828,0.9904479306495059,7553.473060119594,7805.911318150448,0.40920462387853695,12,high
ITT_E1,D89,EB (to Sharjah),9,0.7555215115311138,0.9964420661865583,4126.608006464096,4317.303226363009,0.40182884748102143,12,high
ITT_E1,D89,EB (to Sharjah),7,0.7443731112546628,0.9923216588323981,3647.0865245157825,3806.1305426155973,0.3828718081435473,12,high
EKR_S1,E44,SB (to Jebel Ali),16,0.742954535756302,0.9928497806352308,6338.495230231462,6575.186723602485,0.4229641131815045,12,high
SZR_N4,E11,NB (to Deira),18,0.7349619487624631,0.9937999459040533,8746.902587266666,9798.247347308488,0.5752027260179434,12,high
SZR_N1,E11,NB (to Deira),19,0.7335673473561305,0.9867102461845624,7815.81050423362,8033.152777777777,0.4739044168391995,12,high
GAR_N1,D75,NB (to Deira),16,0.7318512835161176,0.9997800141727681,4656.451433618847,4921.976880607315,0.5016390614216701,12,high
ITT_W1,D89,WB (to Dubai),13,0.730276986028103,0.9933294002985603,4568.060133297953,4804.49255952381,0.5059092477570738,12,high
AIR_W1,D89,WB (to city),16,0.7133534277037311,0.9841705912912018,3997.0325996642664,4187.175422705314,0.4900362318840579,12,high
SZR_N2,E11,NB (to Deira),17,0.7068321216144793,0.9979885769608962,8003.43077279883,8506.3391563147,0.4929908557625949,12,high
ITT_W1,D89,WB (to Dubai),15,0.7007723388294056,0.9945884676091391,4582.689319048421,4756.316942719117,0.48462301587301587,12,high
SZR_S2,E11,SB (to Abu Dhabi),20,0.699386569301932,0.9974162038189194,8323.308930472505,8561.808574879227,0.5447075569358178,12,high
ITT_W1,D89,WB (to Dubai),12,0.6991856583340131,0.9922896602563932,4641.430092960646,4817.266563146998,0.5308186680469289,12,high
MAK_N1,D75,NB (to Deira),20,0.6812181798556597,0.9799331354018508,3802.502117277167,3922.8913906142166,0.3171368184955142,12,high
SZR_S4,E11,SB (to Abu Dhabi),20,0.6657706452324128,0.9939490061983384,8586.59319278361,9191.2352915804,0.4421583850931677,12,high
MAK_N1,D75,NB (to Deira),16,0.659701668965413,0.9599099905124985,3905.510850180927,4074.223429951691,0.42354641131815046,12,high
SZR_N1,E11,NB (to Deira),20,0.6425187183120352,0.9723622679950494,7389.792750752179,7694.223516218081,0.28314786059351277,12,high
SZR_N4,E11,NB (to Deira),19,0.6180603268577577,0.9667619567224021,8219.876120897734,8227.45074189096,0.2306547619047619,12,high
JBR_X1,D94,Both (sample),16,0.6012988771164116,0.9878701300125675,2488.172663073548,2498.935947204969,0.25069013112491373,12,high
SZR_N2,E11,NB (to Deira),20,0.601138131137282,0.9628442649357409,7181.806478073081,7479.656832298137,0.22157522429261559,12,high
ITT_W1,D89,WB (to Dubai),14,0.5989943067470936,0.9705952951133522,4460.426368224004,4600.94834799862,0.40870859213250516,12,medium
SZR_N4,E11,NB (to Deira),17,0.5800406777934796,0.9850071747593125,8396.478391419716,9083.08078847481,0.33292356797791584,12,medium
SZR_N1,E11,NB (to Deira),16,0.5727388043862124,0.9866412382993266,7701.480197633308,8041.327833850931,0.3865812629399586,12,medium
GAR_N1,D75,NB (to Deira),9,0.5659873912266115,0.9924403254501476,4005.422647933247,4159.560149240856,0.3553743961352657,12,medium
SZR_S1,E11,SB (to Abu Dhabi),8,0.5602645217115971,0.9918310433100875,6311.0243594067515,6710.548546411318,0.36555383022774324,12,medium
SZR_S2,E11,SB (to Abu Dhabi),8,0.5562306765064278,0.981113480151287,6157.097107271773,6578.840213077984,0.3302277432712215,12,medium
ITT_E1,D89,EB (to Sharjah),21,0.5562151696510342,0.9014675552026088,3925.966846529021,4043.419535024155,0.2143288474810214,12,medium
ITT_E1,D89,EB (to Sharjah),13,0.5488939237595741,0.9833256812283874,4370.254063654385,4413.8982272256735,0.32748878536922016,12,medium
BBC_S1,E11,SB (to Bur Dubai),16,0.5280939262975326,0.9885107633424843,5004.135816237855,5160.047834713595,0.3079494478951001,12,medium
BBC_S1,E11,SB (to Bur Dubai),20,0.5259394423175602,0.9673520541612847,4764.578397758102,4971.921648550725,0.18659420289855075,12,medium
SZR_N4,E11,NB (to Deira),20,0.5165939032364587,0.887914040526265,7523.529595525768,7942.058510179434,0.14412957211870256,12,medium
ITT_E1,D89,EB (to Sharjah),12,0.5090347127282343,0.9770195156685804,4369.688824234831,4418.176263802622,0.3175681504485852,12,medium
SZR_N2,E11,NB (to Deira),16,0.5025533775371945,0.9858301768013815,7608.192278271216,7746.230848861283,0.2802579365079365,12,medium
ITT_W1,D89,WB (to Dubai),11,0.492571141462991,0.9636230977356122,4289.075652721325,4344.35138457557,0.26697291235334714,12,medium
ITT_E1,D89,EB (to Sharjah),15,0.4860963309268562,0.9833303549845029,4300.130066186999,4368.064290027605,0.2875043133195307,12,medium
JBR_X1,D94,Both (sample),21,0.48499028156211094,0.9221013964588337,2057.8604954604602,2033.058768978606,0.182324016563147,12,medium
EKR_N1,E44,NB (to Deira),18,0.4831465641578449,0.8798259475772093,6305.415287621249,6792.342844202899,0.36126207729468596,12,medium
MAK_N1,D75,NB (to Deira),9,0.47392678055852905,0.9743553285244303,3316.8718768811464,3440.822959799862,0.29017857142857145,12,medium
SZR_S4,E11,SB (to Abu Dhabi),8,0.4373141744301127,0.9525942541130505,6603.848601016154,7135.455680641822,0.2766347481021394,12,medium
EKR_S1,E44,SB (to Jebel Ali),20,0.4256823875108875,0.8895084631492719,6030.288060061724,6293.221359558316,0.24870600414078672,12,medium
GAR_N1,D75,NB (to Deira),13,0.41304031908686606,0.912486971607895,4203.343027389311,4259.309976708075,0.1877803657694962,12,medium
GAR_N1,D75,NB (to Deira),12,0.41272002014235115,0.9393764132168348,4113.067049407226,4274.606409592822,0.20563750862663907,12,medium
SZR_N4,E11,NB (to Deira),16,0.39841419016278873,0.9427958488990708,8085.892730057293,8241.653424775706,0.14833505866114563,12,medium
ITT_E1,D89,EB (to Sharjah),14,0.3976355107562071,0.939149694582516,4173.737622150354,4239.867236024845,0.1802967563837129,12,medium
GAR_N1,D75,NB (to Deira),21,0.38287979096307784,0.8469797912873691,3756.160464509978,3854.902087646653,0.16073585231193926,12,medium
AIR_W1,D89,WB (to city),21,0.3592288336283538,0.8329281784230071,3229.6448703868427,3304.791537267081,0.19258971704623876,12,medium
EKR_N1,E44,NB (to Deira),19,0.3436726779661452,0.7586800304386361,5493.400675900113,5706.453006383713,0.1301328502415459,12,medium
BBC_S1,E11,SB (to Bur Dubai),9,0.33728657199721646,0.9603745731631926,4170.361427876239,4388.759208937198,0.20643547273982055,12,medium
ITT_W1,D89,WB (to Dubai),10,0.32716565105657763,0.7983078936036593,4028.2269538169694,4139.383497239475,0.17701863354037264,12,medium
GAR_N1,D75,NB (to Deira),15,0.30266500998446616,0.7739952612947968,3997.19453445478,4208.025297619048,0.2060904071773637,12,medium
EKR_N1,E44,NB (to Deira),17,0.2842485191933621,0.7830074511523161,5875.428028354326,6336.777324879226,0.14891735679779158,12,low
MAK_N1,D75,NB (to Deira),21,0.2839652394682827,0.7788788741156862,3104.973892405083,3215.1112405106974,0.12064354727398206,12,low
EKR_S1,E44,SB (to Jebel Ali),8,0.28245283431339324,0.8386065589285735,4505.667622450528,4846.496441511387,0.09733005521049,12,low
EKR_N1,E44,NB (to Deira),20,0.27085312747510715,0.6117196006456964,5337.414784584117,5464.8455184610075,0.07183833678398895,12,low
AIR_W1,D89,WB (to city),12,0.2616092848119016,0.6964542727833437,3526.426145136061,3604.9245600414083,0.17369737750172531,12,low
AIR_W1,D89,WB (to city),13,0.2572065631101518,0.7772802786059182,3548.4003777718503,3611.5683661145617,0.15920462387853693,12,low
MAK_N1,D75,NB (to Deira),13,0.25328464332516004,0.7318547969474589,3475.47395140926,3536.207751035197,0.1345540027605245,12,low
SZR_N1,E11,NB (to Deira),21,0.252022284057011,0.7548182367376861,5980.241782073424,6328.486434610076,0.1275448585231194,12,low
MAK_N1,D75,NB (to Deira),12,0.241206790471992,0.6851719569907277,3435.5360608319456,3524.474400448585,0.10934265010351968,12,low
MAK_N1,D75,NB (to Deira),15,0.23711487269704404,0.8052146891686782,3453.538632530697,3474.5810472739818,0.11281487232574189,12,low
SZR_N1,E11,NB (to Deira),13,0.23487229940704824,0.7642446791208006,6525.956774113044,6888.174689440994,0.050358005521049,12,low
SZR_N2,E11,NB (to Deira),21,0.23299142816560228,0.6372939173616947,5902.481303070108,6080.572075569358,0.08160800552104899,12,low
SZR_S1,E11,SB (to Abu Dhabi),9,0.22073980520827072,0.7748144728477613,6097.0110272759375,6323.359752415458,0.08717218771566598,12,low
BBC_S1,E11,SB (to Bur Dubai),21,0.21651153187556538,0.8045208662169853,3980.9887182309344,4059.5475327812287,0.0542184265010352,12,low
GAR_N1,D75,NB (to Deira),14,0.21313039994167723,0.7952846138218458,4028.3684407930086,4060.0773378191857,0.08736628709454797,12,low
AIR_W1,D89,WB (to city),15,0.21242818104157893,0.7434394842182703,3453.3964407392887,3576.9195781573503,0.15538733609385783,12,low
SZR_S2,E11,SB (to Abu Dhabi),21,0.19830817587994976,0.5756548499942353,5696.640300727748,5826.482444789511,0.0679132160110421,12,low
JBR_X1,D94,Both (sample),13,0.19566767109304453,0.7728167842547198,2195.5535083208633,2069.695846273292,0.05257936507936508,12,low
ITT_W1,D89,WB (to Dubai),22,0.19188597774864416,0.8716866576065244,2959.6213247777664,2994.332362836439,0.02792874396135266,12,low
ITT_E1,D89,EB (to Sharjah),11,0.18866237161906926,0.6830424424392806,3957.710460338356,4022.984730848861,0.06985420979986197,12,low
JBR_X1,D94,Both (sample),15,0.18725806269533748,0.5960755209177198,2169.8504120728176,2049.829127846791,0.05273033126293996,12,low
SZR_N1,E11,NB (to Deira),15,0.17903028038328958,0.7228359436030313,6512.7780004010565,6827.097524154589,0.059437543133195304,12,low
SZR_S1,E11,SB (to Abu Dhabi),21,0.17789094117555257,0.6281443720588337,5685.624954423954,5919.738526570048,0.0679132160110421,12,low
AIR_W1,D89,WB (to city),14,0.1763381920099557,0.6570629359600766,3413.1762041318902,3471.5400276052446,0.08702122153209109,12,low
MAK_N1,D75,NB (to Deira),14,0.17398604738891008,0.7193835578678915,3365.2898547932787,3402.7336093857834,0.036814182194616976,12,low
BBC_S1,E11,SB (to Bur Dubai),13,0.16741462599832013,0.6246676725030457,4333.436591343626,4470.3896221532095,0.03536922015182884,12,low
SZR_N1,E11,NB (to Deira),12,0.16081936093594365,0.6331521406468148,6563.218216019195,6934.714221014493,0.04742494824016563,12,low
SZR_S2,E11,SB (to Abu Dhabi),9,0.1469323838046151,0.7192547395366138,5957.1282973936795,6200.935408040027,0.06787008281573499,12,low
DWC_X1,E77,Both (sample),18,0.1435479525691173,0.7698212407421402,2624.3397631070166,2697.660067287785,0.04513888888888889,12,low
SZR_S2,E11,SB (to Abu Dhabi),7,0.14251788476761,0.5298252916151921,5129.31697598502,5481.309610075914,0.055318322981366456,12,low
JBR_X1,D94,Both (sample),12,0.1399731385412827,0.8430800519722379,2217.654530739113,2069.375517598344,0.05982574189095929,12,low
SZR_N4,E11,NB (to Deira),21,0.13908761657271543,0.5682375009232832,6281.5293938229615,6522.988806935818,0.04216269841269841,12,low
SZR_S1,E11,SB (to Abu Dhabi),7,0.13743460394821191,0.706667957351798,5256.086066838313,5573.402820910974,0.07084627329192546,12,low
BBC_S1,E11,SB (to Bur Dubai),15,0.1354768806322425,0.6553368247135946,4365.425572350896,4402.772213595584,0.03582211870255348,12,low
SZR_S4,E11,SB (to Abu Dhabi),9,0.1326621705626168,0.6601761768994365,6361.363708278444,6680.64559610076,0.025254485852311936,12,low
SZR_N2,E11,NB (to Deira),12,0.13252481295363014,0.5349315070834726,6408.168033688959,6731.528532608696,0.03616718426501035,12,low
EKR_N1,E44,NB (to Deira),16,0.13173501951561534,0.6001758695721504,5448.107367250489,5662.851125776398,0.025060386473429952,12,low
SZR_S4,E11,SB (to Abu Dhabi),7,0.12413469787676522,0.5946754763606253,5644.938951099557,5921.7577424085575,0.02143719806763285,12,low
MBZ_E1,E311,Both (sample EB),17,0.11272155770851279,0.75784911192569,5050.88271993799,5245.421497584542,0.05555555555555555,12,low
SZR_N2,E11,NB (to Deira),13,0.11030562043400687,0.5207302551901848,6427.386825710152,6705.896286231884,0.003472222222222222,12,low
DWC_X1,E77,Both (sample),17,0.10946015566344865,0.7971280665887878,2413.87983236533,2489.5010783298826,0.034722222222222224,12,low
SZR_S4,E11,SB (to Abu Dhabi),21,0.10283945286721334,0.5917396769384383,6053.2832429958435,6303.131966011042,0.02792874396135266,12,low
JBR_X1,D94,Both (sample),14,0.09992151910064027,0.5113558743546064,2130.407378993727,1980.2665847135956,0.04578588681849551,12,low
ITT_E1,D89,EB (to Sharjah),10,0.09870546490860956,0.4229972178829274,3752.3062352364504,3827.339091614907,0.03304002760524499,12,low
MBZ_E1,E311,Both (sample EB),18,0.09631709195987918,0.7670772054731838,4900.10127507296,5113.9971532091095,0.06597222222222222,12,low
BBC_S1,E11,SB (to Bur Dubai),12,0.08746788699863772,0.2775564555690374,4426.909705900646,4427.165502070394,0.032198930296756384,12,low
DWC_X1,E77,Both (sample),19,0.08137303474806017,0.2901561556754975,2544.3790393198037,2214.109019151139,0.0,12,low
SZR_N4,E11,NB (to Deira),15,0.07357402418523706,0.22034122552116606,6761.9181108091325,7023.096834023465,0.0036231884057971015,12,low
SZR_N4,E11,NB (to Deira),13,0.06868011774552979,0.17910222114348956,6886.6961690194075,7097.922252415458,0.0,12,low
ITT_E1,D89,EB (to Sharjah),22,0.0671664585985137,0.5215328796985081,2685.400927907584,2761.964307280883,0.020833333333333332,12,low
JBR_X1,D94,Both (sample),11,0.0647223032940936,0.4054538728741549,2001.3183282661564,1876.18924689441,0.003472222222222222,12,low
ITT_W1,D89,WB (to Dubai),6,0.06369811021679948,0.21144480481465427,2854.255219433626,3017.791127501725,0.014190821256038646,12,low
GAR_N1,D75,NB (to Deira),11,0.061836660292613616,0.21928990036412582,3843.804348355329,3852.510006901311,0.014190821256038646,12,low
SZR_N4,E11,NB (to Deira),12,0.06041085601733962,0.18948781082909838,6780.6641190571145,7109.520660800553,0.007095410628019323,12,low
SZR_N2,E11,NB (to Deira),14,0.05919961196816984,0.3372739229069296,6227.218885755513,6444.714673913044,0.007440476190476189,12,low
GAR_N1,D75,NB (to Deira),10,0.057545303292036186,0.24604347487075107,3599.3729424314047,3649.5622412008283,0.006944444444444444,12,low
EKR_S1,E44,SB (to Jebel Ali),21,0.05737467590440578,0.5495830391413024,4282.353405288162,4274.15791062802,0.024305555555555556,12,low
SZR_S1,E11,SB (to Abu Dhabi),12,0.057307485876161246,0.25702928915761836,6271.5723430063945,6512.07196773637,0.015031918564527258,12,low
SZR_N2,E11,NB (to Deira),15,0.055848179583564535,0.3565922392848833,6388.948884911518,6672.7232358523115,0.03224206349206349,12,low
BBC_S1,E11,SB (to Bur Dubai),14,0.05430830562740846,0.1970911272489682,4221.8931745776945,4268.955012077295,0.007936507936507936,12,low
SZR_S4,E11,SB (to Abu Dhabi),12,0.05259759071439884,0.16420957697020527,6729.104036185633,6926.263975155279,0.0,12,low
EKR_N1,E44,NB (to Deira),21,0.049153012554680554,0.40078227058801874,4450.425997488122,4477.10735852312,0.024305555555555556,12,low
SZR_S2,E11,SB (to Abu Dhabi),13,0.04833405292694066,0.27865513178765966,6317.956553219399,6406.1394496204275,0.0036231884057971015,12,low
EMR_E1,E611,Both (sample EB),18,0.047951513182490794,0.45560250343103886,3531.558271923957,3532.999396135265,0.013888888888888888,12,low
SZR_S4,E11,SB (to Abu Dhabi),13,0.04399560458104712,0.15889397618651313,6652.351537800573,6885.825159592823,0.0,12,low
EMR_E1,E611,Both (sample EB),17,0.04374878290236367,0.4288309477543022,3603.2508404098007,3637.7399499654935,0.034722222222222224,12,low
SZR_N4,E11,NB (to Deira),14,0.04346331196353174,0.23852014284661538,6672.661457003206,6842.927687198068,0.0,12,low
GAR_N1,D75,NB (to Deira),22,0.04311634456704811,0.45162208556759614,2587.5065734695327,2644.7723645617666,0.006944444444444444,12,low
MAK_N1,D75,NB (to Deira),10,0.04278616664672543,0.2733220443414515,2970.3453255197237,3024.2695824706693,0.015031918564527258,12,low
SZR_N1,E11,NB (to Deira),22,0.04105487956518188,0.37726598560352004,4277.474825535033,4321.590083678399,0.006944444444444444,12,low
SZR_S1,E11,SB (to Abu Dhabi),13,0.04088454956785321,0.09936430684371125,6280.349738149546,6510.007785541752,0.007936507936507936,12,low
AIR_W1,D89,WB (to city),10,0.040260659452081966,0.29107564836423233,3056.3686713258685,3097.438793995859,0.0,12,low
SZR_S4,E11,SB (to Abu Dhabi),15,0.035255211953118835,0.10866564138593625,6734.198112211959,6830.273572291236,0.0,12,low
AIR_W1,D89,WB (to city),11,0.03294974833955988,0.08330392471714063,3278.6487288248477,3253.6167831262937,0.003968253968253968,12,low
AIR_W1,D89,WB (to city),22,0.03289115218097483,0.2822207115529819,2225.246004634587,2254.7095626293994,0.010416666666666666,12,low
SZR_S2,E11,SB (to Abu Dhabi),15,0.03241319307735139,0.086844725934043,6281.6222604713375,6361.5380866114565,0.0,12,low
MAK_N1,D75,NB (to Deira),11,0.032023727759217684,0.15596644829467285,3152.611954659929,3176.3807582815734,0.0,12,low
SZR_S2,E11,SB (to Abu Dhabi),12,0.03189699925208403,0.07103565150391412,6255.712275652171,6372.406789164942,0.0,12,low
SZR_N1,E11,NB (to Deira),14,0.03053789233895385,0.11603116508868631,6305.6704903310465,6619.020790200138,0.014384920634920634,12,low
SZR_S1,E11,SB (to Abu Dhabi),15,0.029671820941844656,0.08078142224866082,6259.994195916052,6376.105309696343,0.0,12,low
SZR_S4,E11,SB (to Abu Dhabi),14,0.02871690559521207,0.14609660811081532,6515.3587783095,6601.643849206349,0.0,12,low
BBC_S1,E11,SB (to Bur Dubai),10,0.025553795890139664,0.0744432837812947,3815.6458102219167,3826.7630477915804,0.0,12,low
SZR_S1,E11,SB (to Abu Dhabi),14,0.023968548624847194,0.08996710522654866,6131.25033333915,6257.453718081436,0.0,12,low
BBC_S1,E11,SB (to Bur Dubai),11,0.02162143090106293,0.10095112190618918,4035.0720040984193,4046.0303657694963,0.0,12,low
JBR_X1,D94,Both (sample),22,0.021584268547698723,0.17332373987609373,1418.233646525374,1394.2004183919944,0.02777777777777778,12,low
MBZ_E1,E311,Both (sample EB),16,0.020695599358456714,0.06996770251466276,4710.89225469392,4912.107336956521,0.0,12,low
EKR_N1,E44,NB (to Deira),15,0.020653433107332492,0.10915289954461976,4600.179825179675,4838.472847653554,0.0,12,low
EKR_N1,E44,NB (to Deira),13,0.020391588543072044,0.11862939616018148,4671.542705280879,4912.531961697722,0.0,12,low
MBZ_E1,E311,Both (sample EB),12,0.019963888301219087,0.14819286068754695,4161.972482461996,4304.5147084196,0.0,12,low
SZR_S2,E11,SB (to Abu Dhabi),14,0.017902112526722785,0.04899815014886862,6084.437389891104,6108.168413561077,0.0,12,low
SZR_N2,E11,NB (to Deira),22,0.017540186233645668,0.055358295460611676,4069.3657079137806,4209.162008281573,0.003472222222222222,12,low
DWC_X1,E77,Both (sample),16,0.016740294037141563,0.07078705405243922,1927.8642114689612,1980.4807841614909,0.0,12,low
EKR_S1,E44,SB (to Jebel Ali),7,0.016189852910527217,0.04900175724144123,3895.2520053592684,3997.8569703243616,0.0,12,low
JBR_X1,D94,Both (sample),10,0.01609984983491802,0.044160239738070546,1655.747453153225,1513.5640096618356,0.0,12,low
EKR_N1,E44,NB (to Deira),14,0.015918694030250823,0.06369290935515222,4552.46224436721,4713.066683919945,0.0,12,low
JBR_X1,D94,Both (sample),9,0.015829636747763602,0.07416101859527206,1296.8222131296586,1202.578373015873,0.0,12,low
MBZ_E1,E311,Both (sample EB),13,0.015674140821026295,0.08664173095715617,4231.897549905666,4363.8804779158045,0.0,12,low
SZR_N4,E11,NB (to Deira),22,0.014498825864185237,0.1238183307463579,4427.267220710886,4427.387767425811,0.0,12,low
MAK_N1,D75,NB (to Deira),22,0.013798881389392491,0.08540886023463017,2157.720635533081,2190.1177751897862,0.003472222222222222,12,low
MBZ_E1,E311,Both (sample EB),19,0.012988891887517921,0.07051762016911298,4150.15296841823,4247.078933747412,0.0,12,low
ITT_W1,D89,WB (to Dubai),23,0.012657878597443509,0.07967840379327411,1611.844722366531,1666.2756858178054,0.0,12,low
SZR_N2,E11,NB (to Deira),10,0.012599996136593643,0.03209934897113713,5707.601547116934,5788.456953071083,0.0,12,low
SZR_N1,E11,NB (to Deira),10,0.01252887614464517,0.07453563485566135,5847.508577762619,5943.16425120773,0.0,12,low
SZR_S2,E11,SB (to Abu Dhabi),22,0.012494354178374835,0.051018685972139016,3910.6422400792017,4023.367408557626,0.0,12,low
SZR_N1,E11,NB (to Deira),11,0.01228268460515742,0.040927392657359445,6051.377127455774,6242.340277777778,0.0,12,low
BBC_S1,E11,SB (to Bur Dubai),22,0.012019797390881513,0.06758194152191374,2730.308531885884,2765.9280106970327,0.0,12,low
MBZ_E1,E311,Both (sample EB),21,0.01201163945362889,0.11449208075926481,3672.8887049495384,3689.822593167702,0.0,12,low
SZR_S4,E11,SB (to Abu Dhabi),11,0.011523000961037574,0.06879485889760752,6153.506486076406,6253.447744133886,0.0,12,low
SZR_N2,E11,NB (to Deira),6,0.011508447974055154,0.039106693443079134,3983.7133758136697,4194.763371290545,0.0,12,low
DWC_X1,E77,Both (sample),20,0.011129750076433957,0.057654922130622975,1849.3972481000837,1901.8432324016565,0.0,12,low
SZR_S1,E11,SB (to Abu Dhabi),10,0.01104621465388505,0.03385286521199425,5562.0829848982785,5621.563837129055,0.0,12,low
SZR_S4,E11,SB (to Abu Dhabi),10,0.011022988365427843,0.04887654981951587,5958.582854661235,5938.067848516218,0.0,12,low
MBZ_E1,E311,Both (sample EB),22,0.010995464663206138,0.032116694427778605,3125.146473535593,3032.296864216701,0.0,12,low
EMR_E1,E611,Both (sample EB),22,0.010859177368101514,0.08677690680474652,2120.9420257240167,2105.7721273291927,0.0,12,low
EKR_N1,E44,NB (to Deira),6,0.010829332606707846,0.04295252900145872,2916.55900824546,3082.7889708419602,0.0,12,low
EKR_S1,E44,SB (to Jebel Ali),15,0.010780276990338443,0.08373646559280594,4598.6749781641975,4639.672317115252,0.0,12,low
MBZ_E1,E311,Both (sample EB),11,0.010500953253126569,0.039840204557292244,4395.223391454637,4520.952726017943,0.0,12,low
MBZ_E1,E311,Both (sample EB),14,0.01041923692925669,0.052204614453039255,4279.552516472538,4449.05339889579,0.0,12,low
SZR_N4,E11,NB (to Deira),6,0.010305971197436455,0.06444873604621061,4293.856499086805,4472.822722567288,0.0,12,low
EKR_S1,E44,SB (to Jebel Ali),12,0.010234605786143916,0.049630997384588524,4604.029709904072,4654.330464975846,0.0,12,low
EKR_N1,E44,NB (to Deira),12,0.010078209778799493,0.030491966183510626,4706.738359413999,4870.03933747412,0.0,12,low
SZR_N1,E11,NB (to Deira),6,0.009848011054698255,0.05616699735473656,4126.020829731821,4303.672813146998,0.0,12,low
EKR_S1,E44,SB (to Jebel Ali),9,0.009670005437767769,0.03703498881871081,4299.123075789813,4538.426026570048,0.0,12,low
SZR_N4,E11,NB (to Deira),10,0.009480934178728041,0.02962622771859953,6030.859264372498,6091.378148723258,0.0,12,low
MBZ_E1,E311,Both (sample EB),7,0.009072978623248814,0.023599043038773467,3392.063624203735,3533.904481538992,0.0,12,low
ITT_E1,D89,EB (to Sharjah),23,0.00903220969113445,0.022968543502197448,1516.2047481247084,1543.9549473775016,0.0,12,low
SZR_S1,E11,SB (to Abu Dhabi),22,0.008865656699081287,0.06457749141134497,3987.8498075691473,4059.4253364389238,0.0,12,low
SZR_N2,E11,NB (to Deira),11,0.008818557649891834,0.029653566357431542,5984.804749699843,6083.936335403727,0.0,12,low
MBZ_E1,E311,Both (sample EB),15,0.008711140791355357,0.03446636709841762,4371.247582568462,4558.337064354728,0.0,12,low
DWC_X1,E77,Both (sample),8,0.00870961232560479,0.030167958354990247,1957.5552514264775,2072.6343167701866,0.0,12,low
AIR_W1,D89,WB (to city),6,0.008535829322765157,0.018977059174232338,2136.8737093487425,2251.9899283988957,0.0,12,low
SZR_N4,E11,NB (to Deira),11,0.008332883891275409,0.025366157128661724,6375.908864682903,6449.947550034507,0.0,12,low
SZR_N2,E11,NB (to Deira),23,0.00828643516007666,0.03130930441995617,2299.6430046696814,2331.6827769151137,0.0,12,low
EKR_S1,E44,SB (to Jebel Ali),14,0.008015146129193821,0.039745790005499194,4365.605840670259,4487.838638716356,0.0,12,low
JBR_X1,D94,Both (sample),8,0.008003993257342997,0.03255076142670295,1436.5914754290727,1418.696644237405,0.0,12,low
EKR_N1,E44,NB (to Deira),22,0.007942451070046482,0.03424553683149888,3046.2764924271382,3059.785196687371,0.0,12,low
EKR_S1,E44,SB (to Jebel Ali),10,0.007748620408260044,0.0344675741268327,3977.206065198752,4013.8007462042788,0.0,12,low
EKR_S1,E44,SB (to Jebel Ali),13,0.0076713465016552225,0.03793309731801359,4553.859363178614,4696.55091873706,0.0,12,low
SZR_S4,E11,SB (to Abu Dhabi),22,0.0076559084978861484,0.03781512189324177,4271.401233321592,4314.892878709455,0.0,12,low
SZR_S2,E11,SB (to Abu Dhabi),11,0.007444139960317306,0.022760373384666053,5724.2828382155485,5772.604792097998,0.0,12,low
SZR_S1,E11,SB (to Abu Dhabi),11,0.007338889904285575,0.025260748357505594,5773.782004505624,5873.5968771566595,0.0,12,low
EKR_N1,E44,NB (to Deira),11,0.007327726868287296,0.037646017434908544,4408.140600407496,4450.632763975155,0.0,12,low
SZR_S2,E11,SB (to Abu Dhabi),10,0.007197047238906362,0.028566909341594716,5484.6687395500585,5466.19282694962,0.0,12,low
EKR_N1,E44,NB (to Deira),10,0.007134448688500665,0.020836080718022204,4036.4011516280625,4245.71875,0.0,12,low
MBZ_E1,E311,Both (sample EB),8,0.0060438740501535795,0.01884081101531299,3814.7990571454593,4008.8899240855767,0.0,12,low
MBZ_E1,E311,Both (sample EB),10,0.006039673114889614,0.030309555115593523,4348.257726195567,4494.363289337474,0.0,12,low
EKR_S1,E44,SB (to Jebel Ali),11,0.005717980967622424,0.03033046670753963,4207.00039984173,4235.939440993789,0.0,12,low
JBR_X1,D94,Both (sample),23,0.005668000279298942,0.02368133548390849,729.342571410859,693.5251250862665,0.0,12,low
GAR_N1,D75,NB (to Deira),23,0.005579352366606691,0.017102600254825434,1440.2976062614816,1467.9444875776398,0.0,12,low
MAK_N1,D75,NB (to Deira),6,0.0053589351343530005,0.024905049748053465,1564.63326807693,1685.337215320911,0.0,12,low
ITT_E1,D89,EB (to Sharjah),6,0.005334973655118476,0.017356169545842227,1685.2310666591272,1794.2905236369909,0.0,12,low
EMR_E1,E611,Both (sample EB),16,0.0052372613391039454,0.01931105131908548,3324.0686892380986,3435.3940648723255,0.0,12,low
SZR_S4,E11,SB (to Abu Dhabi),6,0.005236653180954788,0.01849722152796584,2734.65510639437,2798.313319530711,0.0,12,low
DWC_X1,E77,Both (sample),13,0.00480480494486176,0.016868588883812406,1662.0306100616056,1702.7078157349897,0.0,12,low
MBZ_E1,E311,Both (sample EB),9,0.004683732936058795,0.035819492040397756,4154.456873011529,4387.17876552795,0.0,12,low
AIR_W1,D89,WB (to city),23,0.0046024584640505205,0.02042454031316705,1222.2657910230103,1250.965450310559,0.0,12,low
DWC_X1,E77,Both (sample),21,0.004324705166271844,0.04518469633738869,1529.6257049409626,1544.3813837129055,0.0,12,low
JBR_X1,D94,Both (sample),7,0.004214751672482882,0.021883653649852727,1229.8811234062832,1163.9639622153209,0.0,12,low
EMR_E1,E611,Both (sample EB),13,0.004159280100757439,0.02595750087537789,2951.7220464518055,3018.569034679089,0.0,12,low
EMR_E1,E611,Both (sample EB),8,0.004104892341350728,0.025245642177792803,2671.2125887035677,2782.685192374051,0.0,12,low
BBC_S1,E11,SB (to Bur Dubai),6,0.003990153877758675,0.01699820317368085,2032.6161240821195,2134.4558963077984,0.0,12,low
DWC_X1,E77,Both (sample),12,0.00393848726045893,0.02303257711461116,1676.6393616273228,1702.938492063492,0.0,12,low
MBZ_E1,E311,Both (sample EB),20,0.003801614743853758,0.028006622610057562,3956.9402162387173,4052.8341528640444,0.0,12,low
EKR_S1,E44,SB (to Jebel Ali),22,0.00368070119234702,0.009808231690959946,2876.291505835971,2924.298158212561,0.0,12,low
GAR_N1,D75,NB (to Deira),3,0.003616499805820572,0.016529296528110953,279.69627012127285,285.68969979296065,0.0,12,low
MBZ_E1,E311,Both (sample EB),6,0.0036093531756958355,0.021312573948553334,2472.259481699174,2587.148615424431,0.0,12,low
SZR_S2,E11,SB (to Abu Dhabi),6,0.00358888703365365,0.018402950709813303,2526.2898445929627,2579.5167572463765,0.0,12,low
SZR_N1,E11,NB (to Deira),23,0.003558344945367767,0.016209005221838855,2370.1640991591307,2392.4174861973775,0.0,12,low
DWC_X1,E77,Both (sample),15,0.0034563596091506926,0.02137571756377318,1627.865947147037,1685.0532263630091,0.0,12,low
EMR_E1,E611,Both (sample EB),7,0.0033925067841520367,0.013733956851074711,2330.068141245552,2453.40726363009,0.0,12,low
ITT_W1,D89,WB (to Dubai),3,0.0033699194998873835,0.014824097828427406,316.816553566355,322.80708678398895,0.0,12,low
BBC_S1,E11,SB (to Bur Dubai),23,0.003311806824845192,0.013811756501674257,1531.2498375060893,1539.5922619047622,0.0,12,low
JBR_X1,D94,Both (sample),4,0.0031624192632509845,0.010702451233343242,156.0631559862775,149.79024327122153,0.0,12,low
DWC_X1,E77,Both (sample),7,0.0030611411994270134,0.007232638888888889,1632.4519828274072,1730.4613526570047,0.0,12,low
EMR_E1,E611,Both (sample EB),15,0.003019737965373598,0.010296399006129246,3060.9114826420373,3173.4290027605243,0.0,12,low
GAR_N1,D75,NB (to Deira),6,0.002929370008314607,0.011578984798689539,1900.8724619646252,2025.2388716356108,0.0,12,low
EKR_S1,E44,SB (to Jebel Ali),23,0.0028925652385196547,0.028388536434824942,1610.3578482628448,1619.2601794340926,0.0,12,low
EMR_E1,E611,Both (sample EB),19,0.002793225166658053,0.01574106959792001,2859.34658335636,2961.8594073498966,0.0,12,low
ITT_E1,D89,EB (to Sharjah),4,0.0027276291473808533,0.009294490053971012,387.67975873722816,400.55428312629397,0.0,12,low
MAK_N1,D75,NB (to Deira),23,0.002701015714882059,0.009406092413461551,1221.259772304297,1216.440562456867,0.0,12,low
DWC_X1,E77,Both (sample),14,0.002641745886957102,0.01198112545691233,1593.0527249918994,1638.4117279158038,0.0,12,low
SZR_S1,E11,SB (to Abu Dhabi),6,0.0023689771371180044,0.016212731414909688,2545.556548211,2636.503234989648,0.0,12,low
JBR_X1,D94,Both (sample),3,0.002289213585134779,0.014104827156942137,117.02058162786358,113.64676069703243,0.0,12,low
ITT_W1,D89,WB (to Dubai),5,0.002256589187039371,0.016532530177427802,918.0133347385927,956.0162827812284,0.0,12,low
MAK_N1,D75,NB (to Deira),5,0.0022460140649035666,0.016480919936448065,670.9362438999264,700.7460964458247,0.0,12,low
DWC_X1,E77,Both (sample),11,0.002240914094590841,0.011845602763564896,1485.8055402368893,1537.9661404416838,0.0,12,low
EMR_E1,E611,Both (sample EB),21,0.00219799279480633,0.007058228698830955,2535.8315719468087,2558.918327294686,0.0,12,low
EKR_N1,E44,NB (to Deira),3,0.0019819379330198177,0.01785409691643874,321.1640176176483,330.59666149068323,0.0,12,low
MAK_N1,D75,NB (to Deira),3,0.0019507127221505681,0.015733620553732015,229.47049612045842,236.6086093857833,0.0,12,low
JBR_X1,D94,Both (sample),5,0.0018414906440223338,0.014104827156942137,333.65279598410933,324.260330400276,0.0,12,low
MAK_N1,D75,NB (to Deira),4,0.0016889770746205278,0.019733620553732012,306.92299904368997,320.2352915804003,0.0,12,low
ITT_E1,D89,EB (to Sharjah),5,0.001671531644411894,0.0060425610416253335,852.868547702297,876.3691985852312,0.0,12,low
BBC_S1,E11,SB (to Bur Dubai),3,0.0016549901771519772,0.010982947876998298,294.24933332463473,298.24437111801245,0.0,12,low
SZR_S4,E11,SB (to Abu Dhabi),0,0.001647352448092736,0.0063063795637963395,1108.1645236789434,1156.1175595238094,0.0,12,low
SZR_N2,E11,NB (to Deira),0,0.0016451372301157223,0.006969010359268239,1075.1564388462268,1119.6883842305037,0.0,12,low
GAR_N1,D75,NB (to Deira),4,0.0016112996872058903,0.007244212962962963,377.3672447074316,386.45462387853695,0.0,12,low
ITT_E1,D89,EB (to Sharjah),3,0.001608300533984871,0.0060425610416253335,292.97492862986616,298.8865381297447,0.0,12,low
SZR_N4,E11,NB (to Deira),3,0.0015670677147650747,0.012851187944631214,464.6380100201349,481.3329882677709,0.0,12,low
SZR_S4,E11,SB (to Abu Dhabi),23,0.001560233902998766,0.008013988646346204,2324.1935433019257,2393.5471661490683,0.0,12,low
EMR_E1,E611,Both (sample EB),12,0.0015305024323733144,0.008639177336627918,2922.407058426936,3008.4352355072465,0.0,12,low
AIR_W1,D89,WB (to city),3,0.0015275112204724067,0.009030705632836138,233.16453950450025,243.28353605935126,0.0,12,low
MBZ_E1,E311,Both (sample EB),23,0.0015214460445637033,0.009681712962962963,2192.8177260430843,2160.812672532781,0.0,12,low
SZR_S2,E11,SB (to Abu Dhabi),23,0.0014708238880123063,0.006805055124049698,2165.603025266944,2217.842067805383,0.0,12,low
EMR_E1,E611,Both (sample EB),9,0.0014226988547884126,0.00954528085709206,2915.847805435885,3055.3170074189097,0.0,12,low
DWC_X1,E77,Both (sample),10,0.0014170223870164915,0.013415714235092486,1406.6628895801653,1466.6728778467907,0.0,12,low
BBC_S1,E11,SB (to Bur Dubai),5,0.001368369412243886,0.009179692206185891,855.1133693430884,891.5780279503106,0.0,12,low
SZR_S1,E11,SB (to Abu Dhabi),23,0.0013589825439720225,0.006316030911267521,2222.6704159946453,2255.4854856797792,0.0,12,low
SZR_N1,E11,NB (to Deira),3,0.0013490181365295364,0.01010832151100793,444.59828354554026,464.20936853002075,0.0,12,low
EMR_E1,E611,Both (sample EB),20,0.0012212989211084992,0.008540004546527168,2756.506998185765,2825.3380564182194,0.0,12,low
EMR_E1,E611,Both (sample EB),14,0.001208411498625117,0.003248456790123457,3001.6794948224033,3084.0598688750865,0.0,12,low
EMR_E1,E611,Both (sample EB),10,0.0011583786070186554,0.0073273935556921795,3027.1123904303404,3122.304930124224,0.0,12,low
ITT_W1,D89,WB (to Dubai),0,0.0011123321073412298,0.0033509816615298624,779.7891265988375,800.903079710145,0.0,12,low
SZR_N2,E11,NB (to Deira),3,0.0010925405631361355,0.007162953339986553,437.069664581263,449.09081694271913,0.0,12,low
ITT_W1,D89,WB (to Dubai),4,0.0010792043620210937,0.007347895241776776,413.2134819321554,437.8855244996549,0.0,12,low
SZR_S4,E11,SB (to Abu Dhabi),3,0.0010370783613333912,0.006515782056201619,447.0761310885448,465.64762336093855,0.0,12,low
EMR_E1,E611,Both (sample EB),11,0.0009736475426457658,0.0032457561728395064,3087.530176871776,3144.892123878537,0.0,12,low
EKR_S1,E44,SB (to Jebel Ali),6,0.0009611789499516316,0.005837100559002396,1804.8534080066977,1896.47959799862,0.0,12,low
AIR_W1,D89,WB (to city),5,0.0009058686509419676,0.010048420781295999,681.7802753751703,717.6724033816425,0.0,12,low
ITT_E1,D89,EB (to Sharjah),0,0.0009005722138596667,0.01051896787802271,740.0827663919448,740.7255219116632,0.0,12,low
SZR_S2,E11,SB (to Abu Dhabi),4,0.0008122106481481482,0.0032488425925925927,557.1758417064038,579.1472782953762,0.0,12,low
AIR_W1,D89,WB (to city),0,0.0007878117712033344,0.00325462962962963,583.2680008819231,602.8322118702554,0.0,12,low
EMR_E1,E611,Both (sample EB),5,0.0007759851041646516,0.004,1192.4088077471713,1264.1942934782608,0.0,12,low
SZR_N4,E11,NB (to Deira),23,0.0007485844937050448,0.004491506962230269,2401.122149749527,2467.3765743616286,0.0,12,low
SZR_N2,E11,NB (to Deira),5,0.0007410751323890377,0.00358878902302824,1263.4769063618699,1331.606388026225,0.0,12,low
SZR_S1,E11,SB (to Abu Dhabi),4,0.0007303369364984352,0.00345993067234101,566.2066271420798,586.5884877501725,0.0,12,low
SZR_S2,E11,SB (to Abu Dhabi),3,0.000712746263186067,0.0032488425925925927,420.62019465292934,430.4467952035887,0.0,12,low
EKR_N1,E44,NB (to Deira),23,0.0007068944831242556,0.002969493916416858,1681.5168779115058,1708.0175767770877,0.0,12,low
SZR_S1,E11,SB (to Abu Dhabi),5,0.000667402100002257,0.005063457029005706,1206.690913696638,1291.2454278812975,0.0,12,low
EKR_S1,E44,SB (to Jebel Ali),5,0.000639667981515578,0.005317271383568102,879.9348976980685,922.9343728433402,0.0,12,low
BBC_S1,E11,SB (to Bur Dubai),0,0.0005933112434572525,0.004384533947065592,742.0783879614966,738.408428226363,0.0,12,low
AIR_W1,D89,WB (to city),1,0.0005484057734843724,0.0061970043640880825,429.21074827782695,423.2925293305728,0.0,12,low
EKR_S1,E44,SB (to Jebel Ali),1,0.0005465235782870914,0.006558282939445098,555.493466791216,552.4811939268461,0.0,12,low
DWC_X1,E77,Both (sample),22,0.000519511888155698,0.003489631355217538,1051.878388625364,1057.7716528640442,0.0,12,low
AIR_W1,D89,WB (to city),4,0.0005024551128442346,0.003382818271218691,319.0642338248072,327.9166882332643,0.0,12,low
SZR_N2,E11,NB (to Deira),4,0.0004956277848039229,0.00358878902302824,589.3664425602203,609.8688535196687,0.0,12,low
EMR_E1,E611,Both (sample EB),4,0.000467073864160623,0.003246141975308642,901.3178089611077,948.1246118012423,0.0,12,low
EKR_S1,E44,SB (to Jebel Ali),3,0.00045059124276667224,0.005407094913200067,305.70680492348964,313.93025362318843,0.0,12,low
SZR_S4,E11,SB (to Abu Dhabi),5,0.0004420093804700177,0.0029453681710213783,1270.3811105780123,1360.3675810904072,0.0,12,low
SZR_S2,E11,SB (to Abu Dhabi),5,0.0004420093804700177,0.0029453681710213783,1196.6127787293458,1268.5621118012423,0.0,12,low
DWC_X1,E77,Both (sample),23,0.00042456009107171895,0.0027445113026508374,588.430832407427,586.2033945824707,0.0,12,low
SZR_N4,E11,NB (to Deira),5,0.000423949069471258,0.002728644439036262,1330.9253132423023,1414.9359040717736,0.0,12,low
MBZ_E1,E311,Both (sample EB),3,0.000423949069471258,0.002728644439036262,1163.0778264461821,1246.0179865424432,0.0,12,low
SZR_N1,E11,NB (to Deira),5,0.00042322221814510426,0.0027199222231224177,1281.75505772265,1376.9007936507935,0.0,12,low
MBZ_E1,E311,Both (sample EB),5,0.00042109794894624265,0.0026944309927360776,1748.5980001086753,1813.4665502070393,0.0,12,low
EMR_E1,E611,Both (sample EB),6,0.00042109794894624265,0.0026944309927360776,1710.2711573671604,1791.9745729813665,0.0,12,low
EKR_S1,E44,SB (to Jebel Ali),4,0.0003922101551475065,0.002358744394618834,402.4558605395837,422.6349422015183,0.0,12,low
MBZ_E1,E311,Both (sample EB),0,0.0002981445937300064,0.0035777351247600767,1698.8940491444564,1807.1484213250517,0.0,12,low
SZR_N2,E11,NB (to Deira),2,0.0002840733712839975,0.00340888045540797,546.9308859451975,560.1892253278123,0.0,12,low
JBR_X1,D94,Both (sample),0,0.0002746384414839601,0.0032280092592592595,299.0053508391589,285.92990855762594,0.0,12,low
JBR_X1,D94,Both (sample),2,0.0002746384414839601,0.0032280092592592595,150.73660297123604,143.83960921325053,0.0,12,low
JBR_X1,D94,Both (sample),6,0.0002692258230452675,0.00323070987654321,806.879357359846,761.8741157694963,0.0,12,low
EMR_E1,E611,Both (sample EB),23,0.0002672646604938272,0.0032071759259259263,1571.504141417707,1498.6779244306417,0.0,12,low
MAK_N1,D75,NB (to Deira),0,0.00026697530864197534,0.003203703703703704,572.0963453220788,583.7597481021394,0.0,12,low
GAR_N1,D75,NB (to Deira),2,0.0002470550218853735,0.002964660262624482,362.2251523908246,351.04485852311944,0.0,12,low
GAR_N1,D75,NB (to Deira),0,0.0002460897379464155,0.002953076855356986,711.7206850015765,700.3838854382333,0.0,12,low
EKR_N1,E44,NB (to Deira),5,0.000241070728027763,0.002358744394618834,929.5933990881955,980.6801457902002,0.0,12,low
GAR_N1,D75,NB (to Deira),5,0.000241070728027763,0.002358744394618834,799.7440205219356,852.7954839544514,0.0,12,low
SZR_N1,E11,NB (to Deira),1,0.0002258447266941725,0.00271013672033007,797.0038997451403,812.6605201863354,0.0,12,low
MBZ_E1,E311,Both (sample EB),4,0.00019656203288490284,0.002358744394618834,1287.288643744403,1363.7557582815734,0.0,12,low
EMR_E1,E611,Both (sample EB),3,0.00019656203288490284,0.002358744394618834,827.1017388709503,864.694595410628,0.0,12,low
SZR_N4,E11,NB (to Deira),4,0.00019656203288490284,0.002358744394618834,643.9216050405585,643.2793305728088,0.0,12,low
SZR_N1,E11,NB (to Deira),4,0.00019656203288490284,0.002358744394618834,610.425407719781,624.848106452726,0.0,12,low
SZR_S4,E11,SB (to Abu Dhabi),4,0.00019656203288490284,0.002358744394618834,606.3349986289423,620.558510179434,0.0,12,low
EKR_N1,E44,NB (to Deira),4,0.00019656203288490284,0.002358744394618834,429.08283661924446,443.6372066942719,0.0,12,low
SZR_S1,E11,SB (to Abu Dhabi),3,0.00019656203288490284,0.002358744394618834,427.1761318386971,436.41278467908904,0.0,12,low
BBC_S1,E11,SB (to Bur Dubai),4,0.00019656203288490284,0.002358744394618834,387.7699270354404,406.4284635955832,0.0,12,low
DWC_X1,E77,Both (sample),5,0.00019656203288490284,0.002358744394618834,321.3116202697505,340.3506297446515,0.0,12,low
DWC_X1,E77,Both (sample),3,0.00019656203288490284,0.002358744394618834,109.64900657137655,114.23259575569358,0.0,12,low
BBC_S1,E11,SB (to Bur Dubai),1,3.2044495588799376e-05,0.0003845339470655925,522.7702099892633,520.6569401311249,0.0,12,low
ITT_W1,D89,WB (to Dubai),1,3.1988743143698874e-05,9.596622943109662e-05,559.0062529236039,569.1927406832298,0.0,12,low
ITT_E1,D89,EB (to Sharjah),1,3.1988743143698874e-05,9.596622943109662e-05,531.4384460103278,519.967628536922,0.0,12,low
ITT_W1,D89,WB (to Dubai),2,3.1988743143698874e-05,9.596622943109662e-05,398.3057336046077,400.9975198412699,0.0,12,low
ITT_E1,D89,EB (to Sharjah),2,3.1988743143698874e-05,9.596622943109662e-05,382.23683591403545,368.5070522774327,0.0,12,low
AIR_W1,D89,WB (to city),2,3.1988743143698874e-05,9.596622943109662e-05,299.0376024490517,299.8911102484472,0.0,12,low
DWC_X1,E77,Both (sample),9,0.0,0.0,1566.5861627723316,1665.5782220496894,0.0,12,low
MBZ_E1,E311,Both (sample EB),1,0.0,0.0,1516.5785308683696,1587.649456521739,0.0,12,low
MBZ_E1,E311,Both (sample EB),2,0.0,0.0,1277.6045846920529,1350.5265700483092,0.0,12,low
EMR_E1,E611,Both (sample EB),0,0.0,0.0,1187.7436939172565,1251.3427363699104,0.0,12,low
SZR_N4,E11,NB (to Deira),0,0.0,0.0,1142.1729504645516,1186.4738397170463,0.0,12,low
SZR_N1,E11,NB (to Deira),0,0.0,0.0,1116.8259928797795,1153.9370255348515,0.0,12,low
EMR_E1,E611,Both (sample EB),1,0.0,0.0,1059.0955799442563,1095.3588466183576,0.0,12,low
SZR_S1,E11,SB (to Abu Dhabi),0,0.0,0.0,1056.3781094636104,1088.5711697722568,0.0,12,low
SZR_S2,E11,SB (to Abu Dhabi),0,0.0,0.0,1037.5637175099573,1067.983630952381,0.0,12,low
EMR_E1,E611,Both (sample EB),2,0.0,0.0,896.0610309805888,943.3454106280193,0.0,12,low
SZR_N4,E11,NB (to Deira),1,0.0,0.0,821.8856515421071,835.5066209454795,0.0,12,low
EKR_N1,E44,NB (to Deira),0,0.0,0.0,804.1808724850279,819.3824189095927,0.0,12,low
DWC_X1,E77,Both (sample),6,0.0,0.0,787.8668240503858,810.5541752933058,0.0,12,low
SZR_S4,E11,SB (to Abu Dhabi),1,0.0,0.0,786.9602543265086,809.6281271566598,0.0,12,low
SZR_N2,E11,NB (to Deira),1,0.0,0.0,765.172409307966,786.5242408557625,0.0,12,low
EKR_S1,E44,SB (to Jebel Ali),0,0.0,0.0,763.799334264234,779.0268719806763,0.0,12,low
SZR_S1,E11,SB (to Abu Dhabi),1,0.0,0.0,763.7399038900772,769.9140139751553,0.0,12,low
SZR_S2,E11,SB (to Abu Dhabi),1,0.0,0.0,763.1653074095589,755.3853304002761,0.0,12,low
SZR_N4,E11,NB (to Deira),2,0.0,0.0,588.346568779276,594.4930555555555,0.0,12,low
SZR_S4,E11,SB (to Abu Dhabi),2,0.0,0.0,572.6303614031207,578.0350888543823,0.0,12,low
SZR_N1,E11,NB (to Deira),2,0.0,0.0,571.7359862100844,575.0218038302278,0.0,12,low
EKR_N1,E44,NB (to Deira),1,0.0,0.0,566.6783151460819,578.5412569013113,0.0,12,low
SZR_S2,E11,SB (to Abu Dhabi),2,0.0,0.0,544.363661713617,536.7162482746722,0.0,12,low
SZR_S1,E11,SB (to Abu Dhabi),2,0.0,0.0,540.2108417137217,540.9175293305728,0.0,12,low
GAR_N1,D75,NB (to Deira),1,0.0,0.0,503.56388887650974,494.61052881297445,0.0,12,low
EKR_N1,E44,NB (to Deira),2,0.0,0.0,412.76475453365214,409.7091959972395,0.0,12,low
MAK_N1,D75,NB (to Deira),1,0.0,0.0,407.0742600815758,411.5981064527261,0.0,12,low
EKR_S1,E44,SB (to Jebel Ali),2,0.0,0.0,396.4699475246834,388.14740769496206,0.0,12,low
BBC_S1,E11,SB (to Bur Dubai),2,0.0,0.0,382.11000220866026,368.20818236714973,0.0,12,low
MAK_N1,D75,NB (to Deira),2,0.0,0.0,293.19421576300016,294.0625,0.0,12,low
DWC_X1,E77,Both (sample),0,0.0,0.0,276.784538238754,283.1964717046239,0.0,12,low
JBR_X1,D94,Both (sample),1,0.0,0.0,208.77035375729494,202.91444530710837,0.0,12,low
DWC_X1,E77,Both (sample),1,0.0,0.0,191.51528988105144,198.28364389233954,0.0,12,low
DWC_X1,E77,Both (sample),4,0.0,0.0,142.29357526300666,154.04084713595583,0.0,12,low
DWC_X1,E77,Both (sample),2,0.0,0.0,139.07887129817286,141.46875,0.0,12,low
